Attack_id,Attack_tactics,Model,Harden,Detect,Isolate,Deceive,Evict,Restore,Total,Artifact,Model_missing,Harden_missing,Detect_missing,Isolate_missing,Deceive_missing,Evict_missing,Restore_missing,Model_covered,Harden_covered,Detect_covered,Isolate_covered,Deceive_covered,Evict_covered,Restore_covered,Artifact_missing
T1001,{'command-and-control'},,,0.875,1.0,,,,0.8888888888888888,1.0,,,['PerHostDownload-UploadRatioAnalysis'],[],,,,,,"['NetworkTrafficSignatureAnalysis', 'RelayPatternAnalysis', 'NetworkTrafficCommunityDeviation', 'UserGeolocationLogonPatternAnalysis', 'Client-serverPayloadProfiling', 'RemoteTerminalSessionDetection', 'ProtocolMetadataAnomalyDetection']",['NetworkTrafficFiltering'],,,,[]
T1003,{'credential-access'},1.0,0.5,0.8888888888888888,0.3333333333333333,0.0,1.0,1.0,0.7837837837837838,1.0,[],"['FileEncryption', 'LocalFilePermissions']","['ProcessSelf-ModificationDetection', 'PerHostDownload-UploadRatioAnalysis']","['Kernel-basedProcessIsolation', 'Hardware-basedProcessIsolation']","['DecoyUserCredential', 'DecoyFile']",[],[],['DataInventory'],"['CredentialTransmissionScoping', 'CredentialRotation']","['ConnectionAttemptAnalysis', 'NetworkTrafficSignatureAnalysis', 'OperatingSystemMonitoring', 'NetworkTrafficCommunityDeviation', 'FileContentAnalysis', 'UserGeolocationLogonPatternAnalysis', 'EmulatedFileAnalysis', 'FileHashing', 'Client-serverPayloadProfiling', 'FileIntegrityMonitoring', 'AdministrativeNetworkActivityAnalysis', 'RemoteTerminalSessionDetection', 'ProtocolMetadataAnomalyDetection', 'DynamicAnalysis', 'CredentialCompromiseScopeAnalysis', 'ProcessSpawnAnalysis']",['NetworkTrafficFiltering'],[],"['ProcessSuspension', 'AuthenticationCacheInvalidation', 'HostShutdown', 'ProcessTermination', 'CredentialRevocation', 'FileEviction']","['RestoreFile', 'RestoreDatabase', 'ReissueCredential']",[]
T1005,{'collection'},,0.0,1.0,,0.0,1.0,1.0,0.7,1.0,,"['FileEncryption', 'LocalFilePermissions']",[],,['DecoyFile'],[],[],,[],"['FileContentAnalysis', 'EmulatedFileAnalysis', 'FileHashing', 'FileIntegrityMonitoring', 'DynamicAnalysis']",,[],['FileEviction'],['RestoreFile'],[]
T1006,{'defense-evasion'},,,,,,,,,,,,,,,,,,,,,,,,
T1007,{'discovery'},,,1.0,0.5,,,,0.6666666666666666,1.0,,,[],"['Kernel-basedProcessIsolation', 'Hardware-basedProcessIsolation']",,,,,,"['SystemCallAnalysis', 'ProcessSpawnAnalysis']","['ExecutableDenylisting', 'ExecutableAllowlisting']",,,,[]
T1008,{'command-and-control'},,,0.875,1.0,,,,0.8888888888888888,1.0,,,['PerHostDownload-UploadRatioAnalysis'],[],,,,,,"['NetworkTrafficSignatureAnalysis', 'RelayPatternAnalysis', 'NetworkTrafficCommunityDeviation', 'UserGeolocationLogonPatternAnalysis', 'Client-serverPayloadProfiling', 'RemoteTerminalSessionDetection', 'ProtocolMetadataAnomalyDetection']",['NetworkTrafficFiltering'],,,,[]
T1010,{'discovery'},,,1.0,0.5,,,,0.6666666666666666,1.0,,,[],"['Kernel-basedProcessIsolation', 'Hardware-basedProcessIsolation']",,,,,,"['SystemCallAnalysis', 'ProcessSpawnAnalysis']","['ExecutableDenylisting', 'ExecutableAllowlisting']",,,,[]
T1011,{'exfiltration'},,,0.8571428571428571,1.0,,,,0.875,1.0,,,['PerHostDownload-UploadRatioAnalysis'],[],,,,,,"['NetworkTrafficSignatureAnalysis', 'NetworkTrafficCommunityDeviation', 'ProtocolMetadataAnomalyDetection', 'Client-serverPayloadProfiling', 'RemoteTerminalSessionDetection', 'UserGeolocationLogonPatternAnalysis']",['NetworkTrafficFiltering'],,,,[]
T1012,{'discovery'},1.0,1.0,1.0,0.0,,,1.0,0.8,1.0,[],[],[],['Kernel-basedProcessIsolation'],,,[],['DataInventory'],['SystemConfigurationPermissions'],['SystemCallAnalysis'],[],,,['RestoreDatabase'],[]
T1014,{'defense-evasion'},1.0,0.3333333333333333,1.0,,0.0,1.0,1.0,0.8235294117647058,1.0,[],"['FileEncryption', 'LocalFilePermissions']",[],,['DecoyFile'],[],[],"['SoftwareInventory', 'AssetVulnerabilityEnumeration']",['SoftwareUpdate'],"['FirmwareVerification', 'FileContentAnalysis', 'EmulatedFileAnalysis', 'FileHashing', 'FileIntegrityMonitoring', 'FirmwareEmbeddedMonitoringCode', 'DynamicAnalysis', 'FirmwareBehaviorAnalysis']",,[],['FileEviction'],"['RestoreFile', 'RestoreSoftware']",[]
T1016,{'discovery'},,0.0,1.0,0.5,0.0,1.0,1.0,0.6875,1.0,,"['FileEncryption', 'LocalFilePermissions']",[],"['Kernel-basedProcessIsolation', 'Hardware-basedProcessIsolation']",['DecoyFile'],[],[],,[],"['SystemCallAnalysis', 'FileContentAnalysis', 'EmulatedFileAnalysis', 'FileHashing', 'FileIntegrityMonitoring', 'DynamicAnalysis', 'ProcessSpawnAnalysis']","['ExecutableDenylisting', 'ExecutableAllowlisting']",[],['FileEviction'],['RestoreFile'],[]
T1018,{'discovery'},,0.0,0.9333333333333333,0.6,0.0,1.0,1.0,0.76,1.0,,"['FileEncryption', 'LocalFilePermissions']",['PerHostDownload-UploadRatioAnalysis'],"['Kernel-basedProcessIsolation', 'Hardware-basedProcessIsolation']",['DecoyFile'],[],[],,[],"['NetworkTrafficSignatureAnalysis', 'OperatingSystemMonitoring', 'SystemCallAnalysis', 'NetworkTrafficCommunityDeviation', 'UserGeolocationLogonPatternAnalysis', 'FileContentAnalysis', 'EmulatedFileAnalysis', 'FileHashing', 'Client-serverPayloadProfiling', 'FileIntegrityMonitoring', 'RemoteTerminalSessionDetection', 'ProtocolMetadataAnomalyDetection', 'DynamicAnalysis', 'ProcessSpawnAnalysis']","['ExecutableDenylisting', 'NetworkTrafficFiltering', 'ExecutableAllowlisting']",[],['FileEviction'],['RestoreFile'],[]
T1020,{'exfiltration'},,,0.8571428571428571,1.0,,,,0.875,1.0,,,['PerHostDownload-UploadRatioAnalysis'],[],,,,,,"['NetworkTrafficSignatureAnalysis', 'NetworkTrafficCommunityDeviation', 'UserGeolocationLogonPatternAnalysis', 'Client-serverPayloadProfiling', 'RemoteTerminalSessionDetection', 'ProtocolMetadataAnomalyDetection']",['NetworkTrafficFiltering'],,,,[]
T1021,{'lateral-movement'},,,0.875,1.0,,1.0,,0.9,1.0,,,['PerHostDownload-UploadRatioAnalysis'],[],,[],,,,"['ConnectionAttemptAnalysis', 'NetworkTrafficSignatureAnalysis', 'NetworkTrafficCommunityDeviation', 'ProtocolMetadataAnomalyDetection', 'Client-serverPayloadProfiling', 'RemoteTerminalSessionDetection', 'UserGeolocationLogonPatternAnalysis']",['NetworkTrafficFiltering'],,['SessionTermination'],,[]
T1025,{'collection'},1.0,,,0.0,,,,0.5,1.0,[],,,['IOPortRestriction'],,,,['HardwareComponentInventory'],,,[],,,,[]
T1027,{'defense-evasion'},,0.0,1.0,1.0,0.0,1.0,1.0,0.75,1.0,,"['FileEncryption', 'LocalFilePermissions']",[],[],['DecoyFile'],[],[],,[],"['FileContentAnalysis', 'EmulatedFileAnalysis', 'FileHashing', 'FileIntegrityMonitoring', 'DynamicAnalysis']","['ExecutableDenylisting', 'ExecutableAllowlisting']",[],['FileEviction'],['RestoreFile'],[]
T1029,{'exfiltration'},,,0.8571428571428571,1.0,,,,0.875,1.0,,,['PerHostDownload-UploadRatioAnalysis'],[],,,,,,"['NetworkTrafficSignatureAnalysis', 'NetworkTrafficCommunityDeviation', 'UserGeolocationLogonPatternAnalysis', 'Client-serverPayloadProfiling', 'RemoteTerminalSessionDetection', 'ProtocolMetadataAnomalyDetection']",['NetworkTrafficFiltering'],,,,[]
T1030,{'exfiltration'},,,0.8571428571428571,1.0,,,,0.875,1.0,,,['PerHostDownload-UploadRatioAnalysis'],[],,,,,,"['NetworkTrafficSignatureAnalysis', 'NetworkTrafficCommunityDeviation', 'UserGeolocationLogonPatternAnalysis', 'Client-serverPayloadProfiling', 'RemoteTerminalSessionDetection', 'ProtocolMetadataAnomalyDetection']",['NetworkTrafficFiltering'],,,,[]
T1033,{'discovery'},1.0,0.2,0.875,0.5,0.0,1.0,1.0,0.68,0.8333333333333334,[],"['SegmentAddressOffsetRandomization', 'ProcessSegmentExecutionPrevention', 'FileEncryption', 'LocalFilePermissions']",['ProcessSelf-ModificationDetection'],"['Kernel-basedProcessIsolation', 'Hardware-basedProcessIsolation']",['DecoyFile'],[],[],['DataInventory'],['DomainTrustPolicy'],"['SystemCallAnalysis', 'FileContentAnalysis', 'ProcessSpawnAnalysis', 'EmulatedFileAnalysis', 'FileHashing', 'FileIntegrityMonitoring', 'DynamicAnalysis']","['ExecutableDenylisting', 'ExecutableAllowlisting']",[],"['ProcessSuspension', 'ProcessTermination', 'FileEviction', 'HostShutdown']","['RestoreFile', 'RestoreDatabase']",['Process Segment']
T1036,{'defense-evasion'},,0.0,1.0,0.6666666666666666,0.0,1.0,1.0,0.7333333333333333,1.0,,"['FileEncryption', 'LocalFilePermissions']",[],['Kernel-basedProcessIsolation'],['DecoyFile'],[],[],,[],"['OperatingSystemMonitoring', 'SystemCallAnalysis', 'FileContentAnalysis', 'EmulatedFileAnalysis', 'FileHashing', 'FileIntegrityMonitoring', 'DynamicAnalysis']","['ExecutableDenylisting', 'ExecutableAllowlisting']",[],['FileEviction'],['RestoreFile'],[]
T1037,"{'persistence', 'privilege-escalation'}",1.0,0.0,1.0,1.0,0.0,1.0,1.0,0.75,1.0,[],"['FileEncryption', 'LocalFilePermissions']",[],[],"['DecoyNetworkResource', 'DecoyFile']",[],[],['ConfigurationInventory'],[],"['OperatingSystemMonitoring', 'FileContentAnalysis', 'EmulatedFileAnalysis', 'FileHashing', 'FileIntegrityMonitoring', 'DynamicAnalysis']","['ExecutableDenylisting', 'ExecutableAllowlisting']",[],['FileEviction'],"['RestoreFile', 'RestoreConfiguration']",[]
T1039,{'collection'},,,,,0.0,,,0.0,0.0,,,,,['DecoyNetworkResource'],,,,,,,[],,,['Network File Share Resource']
T1040,"{'discovery', 'credential-access'}",,,1.0,,,,,1.0,1.0,,,[],,,,,,,['DNSTrafficAnalysis'],,,,,[]
T1041,{'exfiltration'},,0.0,0.9230769230769231,1.0,0.0,1.0,1.0,0.7894736842105263,1.0,,"['FileEncryption', 'LocalFilePermissions']",['PerHostDownload-UploadRatioAnalysis'],[],['DecoyFile'],[],[],,[],"['NetworkTrafficSignatureAnalysis', 'NetworkTrafficCommunityDeviation', 'FileContentAnalysis', 'UserGeolocationLogonPatternAnalysis', 'CertificateAnalysis', 'EmulatedFileAnalysis', 'FileHashing', 'Client-serverPayloadProfiling', 'FileIntegrityMonitoring', 'RemoteTerminalSessionDetection', 'ProtocolMetadataAnomalyDetection', 'DynamicAnalysis']",['NetworkTrafficFiltering'],[],['FileEviction'],['RestoreFile'],[]
T1046,{'discovery'},,,,,,,,,,,,,,,,,,,,,,,,
T1047,{'execution'},,,0.9090909090909091,0.6,,,,0.8125,1.0,,,['PerHostDownload-UploadRatioAnalysis'],"['Kernel-basedProcessIsolation', 'Hardware-basedProcessIsolation']",,,,,,"['ConnectionAttemptAnalysis', 'NetworkTrafficSignatureAnalysis', 'NetworkTrafficCommunityDeviation', 'SystemCallAnalysis', 'UserGeolocationLogonPatternAnalysis', 'Client-serverPayloadProfiling', 'AdministrativeNetworkActivityAnalysis', 'RemoteTerminalSessionDetection', 'ProtocolMetadataAnomalyDetection', 'ProcessSpawnAnalysis']","['ExecutableDenylisting', 'NetworkTrafficFiltering', 'ExecutableAllowlisting']",,,,[]
T1048,{'exfiltration'},,0.0,0.9285714285714286,1.0,0.0,1.0,1.0,0.8,1.0,,"['FileEncryption', 'LocalFilePermissions']",['PerHostDownload-UploadRatioAnalysis'],[],['DecoyFile'],[],[],,[],"['NetworkTrafficSignatureAnalysis', 'RelayPatternAnalysis', 'NetworkTrafficCommunityDeviation', 'FileContentAnalysis', 'UserGeolocationLogonPatternAnalysis', 'CertificateAnalysis', 'EmulatedFileAnalysis', 'FileHashing', 'Client-serverPayloadProfiling', 'FileIntegrityMonitoring', 'RemoteTerminalSessionDetection', 'ProtocolMetadataAnomalyDetection', 'DynamicAnalysis']",['NetworkTrafficFiltering'],[],['FileEviction'],['RestoreFile'],[]
T1049,{'discovery'},,,1.0,0.0,,,,0.5,1.0,,,[],['Kernel-basedProcessIsolation'],,,,,,['SystemCallAnalysis'],[],,,,[]
T1052,{'exfiltration'},1.0,,,0.0,,,,0.5,1.0,[],,,['IOPortRestriction'],,,,['HardwareComponentInventory'],,,[],,,,[]
T1053,"{'persistence', 'execution', 'privilege-escalation'}",,0.0,0.8888888888888888,0.5,0.0,1.0,1.0,0.7142857142857143,1.0,,"['FileEncryption', 'LocalFilePermissions']",['ProcessSelf-ModificationDetection'],"['Kernel-basedProcessIsolation', 'Hardware-basedProcessIsolation']",['DecoyFile'],[],[],,[],"['OperatingSystemMonitoring', 'SystemCallAnalysis', 'FileContentAnalysis', 'ProcessSpawnAnalysis', 'EmulatedFileAnalysis', 'FileHashing', 'FileIntegrityMonitoring', 'DynamicAnalysis']","['ExecutableDenylisting', 'ExecutableAllowlisting']",[],"['ProcessSuspension', 'ProcessTermination', 'HostShutdown', 'FileEviction']",['RestoreFile'],[]
T1055,"{'defense-evasion', 'privilege-escalation'}",,0.0,1.0,0.5,0.0,1.0,1.0,0.65,1.0,,"['ProcessSegmentExecutionPrevention', 'SegmentAddressOffsetRandomization', 'FileEncryption', 'LocalFilePermissions']",[],"['Kernel-basedProcessIsolation', 'Hardware-basedProcessIsolation']",['DecoyFile'],[],[],,[],"['OperatingSystemMonitoring', 'SystemCallAnalysis', 'FileContentAnalysis', 'ProcessCodeSegmentVerification', 'EmulatedFileAnalysis', 'FileHashing', 'FileIntegrityMonitoring', 'DynamicAnalysis', 'ProcessSpawnAnalysis']","['ExecutableDenylisting', 'ExecutableAllowlisting']",[],['FileEviction'],['RestoreFile'],[]
T1056,"{'collection', 'credential-access'}",1.0,0.3333333333333333,0.6666666666666666,0.0,,,1.0,0.6363636363636364,1.0,[],"['ProcessSegmentExecutionPrevention', 'SegmentAddressOffsetRandomization']",['SystemFileAnalysis'],['IOPortRestriction'],,,[],"['SoftwareInventory', 'AssetVulnerabilityEnumeration', 'HardwareComponentInventory']",['SoftwareUpdate'],"['OperatingSystemMonitoring', 'ProcessCodeSegmentVerification']",[],,,['RestoreSoftware'],[]
T1057,{'discovery'},,,1.0,0.5,,,,0.6666666666666666,1.0,,,[],"['Kernel-basedProcessIsolation', 'Hardware-basedProcessIsolation']",,,,,,"['SystemCallAnalysis', 'ProcessSpawnAnalysis']","['ExecutableDenylisting', 'ExecutableAllowlisting']",,,,[]
T1059,{'execution'},,0.0,1.0,1.0,0.0,1.0,1.0,0.75,1.0,,"['FileEncryption', 'LocalFilePermissions']",[],[],['DecoyFile'],[],[],,[],"['FileContentAnalysis', 'EmulatedFileAnalysis', 'FileHashing', 'FileIntegrityMonitoring', 'DynamicAnalysis']","['ExecutableDenylisting', 'ExecutableAllowlisting']",[],['FileEviction'],['RestoreFile'],[]
T1068,{'privilege-escalation'},,0.0,1.0,,,,,0.5,1.0,,"['ProcessSegmentExecutionPrevention', 'StackFrameCanaryValidation', 'SegmentAddressOffsetRandomization']",[],,,,,,[],"['ShadowStackComparisons', 'OperatingSystemMonitoring', 'ProcessCodeSegmentVerification']",,,,,[]
T1069,{'discovery'},,,,,,,,,,,,,,,,,,,,,,,,
T1070,{'defense-evasion'},,0.0,1.0,,0.0,1.0,1.0,0.6666666666666666,0.6666666666666667,,"['FileEncryption', 'LocalFilePermissions']",[],,"['DecoyNetworkResource', 'DecoyFile']",[],[],,[],"['OperatingSystemMonitoring', 'FileContentAnalysis', 'EmulatedFileAnalysis', 'FileHashing', 'FileIntegrityMonitoring', 'DynamicAnalysis']",,[],['FileEviction'],['RestoreFile'],['Network File Share Resource']
T1071,{'command-and-control'},,0.0,0.875,1.0,0.0,1.0,1.0,0.7916666666666666,1.0,,"['FileEncryption', 'LocalFilePermissions']","['FileCarving', 'PerHostDownload-UploadRatioAnalysis']",[],['DecoyFile'],[],[],,[],"['NetworkTrafficSignatureAnalysis', 'RelayPatternAnalysis', 'NetworkTrafficCommunityDeviation', 'FileContentAnalysis', 'UserGeolocationLogonPatternAnalysis', 'CertificateAnalysis', 'EmulatedFileAnalysis', 'FileHashing', 'Client-serverPayloadProfiling', 'FileIntegrityMonitoring', 'RemoteTerminalSessionDetection', 'ProtocolMetadataAnomalyDetection', 'DNSTrafficAnalysis', 'DynamicAnalysis']","['DNSDenylisting', 'DNSAllowlisting', 'NetworkTrafficFiltering']",[],['FileEviction'],['RestoreFile'],[]
T1072,"{'lateral-movement', 'execution'}",1.0,0.3333333333333333,0.8333333333333334,,0.0,1.0,1.0,0.7333333333333333,1.0,[],"['FileEncryption', 'LocalFilePermissions']",['SystemFileAnalysis'],,['DecoyFile'],[],[],"['SoftwareInventory', 'AssetVulnerabilityEnumeration']",['SoftwareUpdate'],"['FileContentAnalysis', 'EmulatedFileAnalysis', 'FileHashing', 'FileIntegrityMonitoring', 'DynamicAnalysis']",,[],['FileEviction'],"['RestoreFile', 'RestoreSoftware']",[]
T1074,{'collection'},,0.0,1.0,0.0,0.0,1.0,1.0,0.6153846153846154,0.6666666666666667,,"['FileEncryption', 'LocalFilePermissions']",[],['Kernel-basedProcessIsolation'],"['DecoyNetworkResource', 'DecoyFile']",[],[],,[],"['SystemCallAnalysis', 'FileContentAnalysis', 'EmulatedFileAnalysis', 'FileHashing', 'FileIntegrityMonitoring', 'DynamicAnalysis']",[],[],['FileEviction'],['RestoreFile'],['Network Resource']
T1078,"{'initial-access', 'defense-evasion', 'persistence', 'privilege-escalation'}",1.0,0.4,0.8571428571428571,,,1.0,1.0,0.7333333333333333,1.0,[],"['Multi-factorAuthentication', 'One-timePassword', 'BiometricAuthentication']",['SessionDurationAnalysis'],,,[],[],['AccessModeling'],"['UserAccountPermissions', 'StrongPasswordPolicy']","['JobFunctionAccessPatternAnalysis', 'AuthorizationEventThresholding', 'AuthenticationEventThresholding', 'ResourceAccessPatternAnalysis', 'DomainAccountMonitoring', 'LocalAccountMonitoring']",,,['AccountLocking'],['RestoreUserAccountAccess'],[]
T1080,{'lateral-movement'},,,,,0.0,,,0.0,0.0,,,,,['DecoyNetworkResource'],,,,,,,[],,,['Network Resource']
T1082,{'discovery'},,,1.0,0.5,0.0,,,0.4444444444444444,0.5,,,[],"['Kernel-basedProcessIsolation', 'Hardware-basedProcessIsolation']","['StandaloneHoneynet', 'IntegratedHoneynet', 'ConnectedHoneynet']",,,,,"['SystemCallAnalysis', 'ProcessSpawnAnalysis']","['ExecutableDenylisting', 'ExecutableAllowlisting']",[],,,['Decoy Artifact']
T1083,{'discovery'},,0.0,1.0,,0.0,1.0,1.0,0.7,0.5,,"['FileEncryption', 'LocalFilePermissions']",[],,['DecoyFile'],[],[],,[],"['FileContentAnalysis', 'EmulatedFileAnalysis', 'FileHashing', 'FileIntegrityMonitoring', 'DynamicAnalysis']",,[],['FileEviction'],['RestoreFile'],['Directory']
T1087,{'discovery'},,,,,,,,,,,,,,,,,,,,,,,,
T1090,{'command-and-control'},,,0.8888888888888888,1.0,,,,0.9,1.0,,,['PerHostDownload-UploadRatioAnalysis'],[],,,,,,"['ConnectionAttemptAnalysis', 'NetworkTrafficSignatureAnalysis', 'RelayPatternAnalysis', 'NetworkTrafficCommunityDeviation', 'UserGeolocationLogonPatternAnalysis', 'Client-serverPayloadProfiling', 'RemoteTerminalSessionDetection', 'ProtocolMetadataAnomalyDetection']",['NetworkTrafficFiltering'],,,,[]
T1091,"{'initial-access', 'lateral-movement'}",1.0,,,0.0,,,,0.5,1.0,[],,,['IOPortRestriction'],,,,['HardwareComponentInventory'],,,[],,,,[]
T1092,{'command-and-control'},1.0,,,0.0,,,,0.5,1.0,[],,,['IOPortRestriction'],,,,['HardwareComponentInventory'],,,[],,,,[]
T1095,{'command-and-control'},,,0.875,1.0,,,,0.8888888888888888,1.0,,,['PerHostDownload-UploadRatioAnalysis'],[],,,,,,"['NetworkTrafficSignatureAnalysis', 'RelayPatternAnalysis', 'NetworkTrafficCommunityDeviation', 'UserGeolocationLogonPatternAnalysis', 'Client-serverPayloadProfiling', 'RemoteTerminalSessionDetection', 'ProtocolMetadataAnomalyDetection']",['NetworkTrafficFiltering'],,,,[]
T1098,"{'persistence', 'privilege-escalation'}",1.0,0.5714285714285714,0.9090909090909091,1.0,0.0,1.0,1.0,0.8076923076923077,1.0,[],"['Multi-factorAuthentication', 'One-timePassword', 'BiometricAuthentication']",['PerHostDownload-UploadRatioAnalysis'],[],['DecoyUserCredential'],[],[],['AccessModeling'],"['CredentialTransmissionScoping', 'CredentialRotation', 'UserAccountPermissions', 'StrongPasswordPolicy']","['ConnectionAttemptAnalysis', 'NetworkTrafficSignatureAnalysis', 'NetworkTrafficCommunityDeviation', 'UserGeolocationLogonPatternAnalysis', 'Client-serverPayloadProfiling', 'DomainAccountMonitoring', 'AdministrativeNetworkActivityAnalysis', 'RemoteTerminalSessionDetection', 'ProtocolMetadataAnomalyDetection', 'CredentialCompromiseScopeAnalysis']",['NetworkTrafficFiltering'],[],"['AccountLocking', 'AuthenticationCacheInvalidation', 'CredentialRevocation']","['RestoreUserAccountAccess', 'ReissueCredential']",[]
T1102,{'command-and-control'},,,0.875,1.0,,,,0.8888888888888888,1.0,,,['PerHostDownload-UploadRatioAnalysis'],[],,,,,,"['NetworkTrafficSignatureAnalysis', 'RelayPatternAnalysis', 'NetworkTrafficCommunityDeviation', 'UserGeolocationLogonPatternAnalysis', 'Client-serverPayloadProfiling', 'RemoteTerminalSessionDetection', 'ProtocolMetadataAnomalyDetection']",['NetworkTrafficFiltering'],,,,[]
T1104,{'command-and-control'},,,0.875,1.0,,,,0.8888888888888888,1.0,,,['PerHostDownload-UploadRatioAnalysis'],[],,,,,,"['NetworkTrafficSignatureAnalysis', 'RelayPatternAnalysis', 'NetworkTrafficCommunityDeviation', 'UserGeolocationLogonPatternAnalysis', 'Client-serverPayloadProfiling', 'RemoteTerminalSessionDetection', 'ProtocolMetadataAnomalyDetection']",['NetworkTrafficFiltering'],,,,[]
T1105,{'command-and-control'},,,0.875,1.0,,,,0.8888888888888888,1.0,,,['PerHostDownload-UploadRatioAnalysis'],[],,,,,,"['NetworkTrafficSignatureAnalysis', 'RelayPatternAnalysis', 'NetworkTrafficCommunityDeviation', 'UserGeolocationLogonPatternAnalysis', 'Client-serverPayloadProfiling', 'RemoteTerminalSessionDetection', 'ProtocolMetadataAnomalyDetection']",['NetworkTrafficFiltering'],,,,[]
T1106,{'execution'},,,1.0,0.0,,,,0.5,1.0,,,[],['Kernel-basedProcessIsolation'],,,,,,['SystemCallAnalysis'],[],,,,[]
T1110,{'credential-access'},,0.75,0.8461538461538461,1.0,0.0,1.0,1.0,0.8181818181818182,1.0,,['One-timePassword'],"['SessionDurationAnalysis', 'PerHostDownload-UploadRatioAnalysis']",[],['DecoyUserCredential'],[],[],,"['CredentialRotation', 'CredentialTransmissionScoping', 'StrongPasswordPolicy']","['ConnectionAttemptAnalysis', 'NetworkTrafficSignatureAnalysis', 'NetworkTrafficCommunityDeviation', 'UserGeolocationLogonPatternAnalysis', 'ResourceAccessPatternAnalysis', 'AuthenticationEventThresholding', 'Client-serverPayloadProfiling', 'AdministrativeNetworkActivityAnalysis', 'RemoteTerminalSessionDetection', 'ProtocolMetadataAnomalyDetection', 'CredentialCompromiseScopeAnalysis']",['NetworkTrafficFiltering'],[],"['AuthenticationCacheInvalidation', 'CredentialRevocation']",['ReissueCredential'],[]
T1111,{'credential-access'},1.0,,,,,,,1.0,1.0,[],,,,,,,['HardwareComponentInventory'],,,,,,,[]
T1112,{'defense-evasion'},1.0,1.0,,,,,1.0,1.0,1.0,[],[],,,,,[],['DataInventory'],['SystemConfigurationPermissions'],,,,,['RestoreDatabase'],[]
T1113,{'collection'},,,1.0,0.0,,,,0.5,1.0,,,[],['Kernel-basedProcessIsolation'],,,,,,['SystemCallAnalysis'],[],,,,[]
T1114,{'collection'},0.6,0.3333333333333333,0.8888888888888888,0.0,0.0,1.0,1.0,0.6956521739130435,1.0,"['PhysicalLinkMapping', 'LogicalLinkMapping']","['FileEncryption', 'LocalFilePermissions']",['HomoglyphDetection'],['InboundTrafficFiltering'],['DecoyFile'],[],[],"['DataInventory', 'ConfigurationInventory', 'NetworkNodeInventory']",['ApplicationConfigurationHardening'],"['OperatingSystemMonitoring', 'FileContentAnalysis', 'EmulatedFileAnalysis', 'FileHashing', 'FileIntegrityMonitoring', 'SenderMTAReputationAnalysis', 'SenderReputationAnalysis', 'DynamicAnalysis']",[],[],['FileEviction'],"['RestoreFile', 'RestoreNetworkAccess', 'RestoreConfiguration']",[]
T1115,{'collection'},,,,,,,,,,,,,,,,,,,,,,,,
T1119,{'collection'},,0.0,1.0,,0.0,1.0,1.0,0.7,1.0,,"['FileEncryption', 'LocalFilePermissions']",[],,['DecoyFile'],[],[],,[],"['FileContentAnalysis', 'EmulatedFileAnalysis', 'FileHashing', 'FileIntegrityMonitoring', 'DynamicAnalysis']",,[],['FileEviction'],['RestoreFile'],[]
T1120,{'discovery'},,,,,,,,,,,,,,,,,,,,,,,,
T1123,{'collection'},1.0,,1.0,0.0,,,,0.6666666666666666,1.0,[],,[],['IOPortRestriction'],,,,['HardwareComponentInventory'],,['OperatingSystemMonitoring'],[],,,,[]
T1124,{'discovery'},,,1.0,0.5,,,,0.6666666666666666,1.0,,,[],"['Kernel-basedProcessIsolation', 'Hardware-basedProcessIsolation']",,,,,,"['SystemCallAnalysis', 'ProcessSpawnAnalysis']","['ExecutableDenylisting', 'ExecutableAllowlisting']",,,,[]
T1125,{'collection'},1.0,,1.0,0.0,,,,0.6666666666666666,1.0,[],,[],['IOPortRestriction'],,,,['HardwareComponentInventory'],,['OperatingSystemMonitoring'],[],,,,[]
T1127,{'defense-evasion'},1.0,0.3333333333333333,1.0,,0.0,1.0,1.0,0.7857142857142857,1.0,[],"['FileEncryption', 'LocalFilePermissions']",[],,['DecoyFile'],[],[],"['SoftwareInventory', 'AssetVulnerabilityEnumeration']",['SoftwareUpdate'],"['FileContentAnalysis', 'EmulatedFileAnalysis', 'FileHashing', 'FileIntegrityMonitoring', 'DynamicAnalysis']",,[],['FileEviction'],"['RestoreFile', 'RestoreSoftware']",[]
T1129,{'execution'},,,,,,,,,,,,,,,,,,,,,,,,
T1132,{'command-and-control'},,,0.875,1.0,,,,0.8888888888888888,1.0,,,['PerHostDownload-UploadRatioAnalysis'],[],,,,,,"['NetworkTrafficSignatureAnalysis', 'RelayPatternAnalysis', 'NetworkTrafficCommunityDeviation', 'ProtocolMetadataAnomalyDetection', 'Client-serverPayloadProfiling', 'RemoteTerminalSessionDetection', 'UserGeolocationLogonPatternAnalysis']",['NetworkTrafficFiltering'],,,,[]
T1133,"{'initial-access', 'persistence'}",,,0.8,,,1.0,,0.8333333333333334,1.0,,,['SessionDurationAnalysis'],,,[],,,,"['JobFunctionAccessPatternAnalysis', 'AuthorizationEventThresholding', 'AuthenticationEventThresholding', 'ResourceAccessPatternAnalysis']",,,['SessionTermination'],,[]
T1134,"{'defense-evasion', 'privilege-escalation'}",1.0,1.0,1.0,0.5,0.0,1.0,1.0,0.7894736842105263,1.0,[],[],[],"['Kernel-basedProcessIsolation', 'Hardware-basedProcessIsolation']","['DecoySessionToken', 'DecoyUserCredential']",[],[],"['AccessModeling', 'ConfigurationInventory', 'NetworkTrafficPolicyMapping']","['CredentialTransmissionScoping', 'CredentialRotation']","['SystemCallAnalysis', 'CredentialCompromiseScopeAnalysis', 'ProcessSpawnAnalysis']","['ExecutableDenylisting', 'ExecutableAllowlisting']",[],"['AuthenticationCacheInvalidation', 'CredentialRevocation', 'SessionTermination']","['RestoreConfiguration', 'ReissueCredential']",[]
T1135,{'discovery'},,,,,,,,,,,,,,,,,,,,,,,,
T1136,{'persistence'},1.0,0.4,1.0,,,1.0,1.0,0.7,1.0,[],"['Multi-factorAuthentication', 'One-timePassword', 'BiometricAuthentication']",[],,,[],[],['AccessModeling'],"['UserAccountPermissions', 'StrongPasswordPolicy']","['DomainAccountMonitoring', 'LocalAccountMonitoring']",,,['AccountLocking'],['RestoreUserAccountAccess'],[]
T1137,{'persistence'},1.0,0.5,1.0,1.0,0.0,1.0,1.0,0.8571428571428571,1.0,[],"['FileEncryption', 'LocalFilePermissions']",[],[],['DecoyFile'],[],[],"['SoftwareInventory', 'DataInventory', 'ConfigurationInventory', 'AssetVulnerabilityEnumeration']","['SystemConfigurationPermissions', 'SoftwareUpdate']","['FileContentAnalysis', 'EmulatedFileAnalysis', 'FileHashing', 'FileIntegrityMonitoring', 'DynamicAnalysis']","['ExecutableDenylisting', 'ExecutableAllowlisting']",[],['FileEviction'],"['RestoreFile', 'RestoreConfiguration', 'RestoreSoftware', 'RestoreDatabase']",[]
T1140,{'defense-evasion'},,0.0,1.0,0.5,0.0,1.0,1.0,0.6875,1.0,,"['FileEncryption', 'LocalFilePermissions']",[],"['Kernel-basedProcessIsolation', 'Hardware-basedProcessIsolation']",['DecoyFile'],[],[],,[],"['SystemCallAnalysis', 'FileContentAnalysis', 'EmulatedFileAnalysis', 'FileHashing', 'FileIntegrityMonitoring', 'DynamicAnalysis', 'ProcessSpawnAnalysis']","['ExecutableDenylisting', 'ExecutableAllowlisting']",[],['FileEviction'],['RestoreFile'],[]
T1176,{'persistence'},1.0,1.0,,,,,1.0,1.0,1.0,[],[],,,,,[],"['SoftwareInventory', 'AssetVulnerabilityEnumeration']",['SoftwareUpdate'],,,,,['RestoreSoftware'],[]
T1185,{'collection'},,,0.8571428571428571,1.0,,,,0.875,1.0,,,['PerHostDownload-UploadRatioAnalysis'],[],,,,,,"['NetworkTrafficSignatureAnalysis', 'NetworkTrafficCommunityDeviation', 'UserGeolocationLogonPatternAnalysis', 'Client-serverPayloadProfiling', 'RemoteTerminalSessionDetection', 'ProtocolMetadataAnomalyDetection']",['NetworkTrafficFiltering'],,,,[]
T1187,{'credential-access'},,0.0,0.875,,0.0,1.0,1.0,0.6923076923076923,1.0,,"['FileEncryption', 'LocalFilePermissions']",['SessionDurationAnalysis'],,['DecoyFile'],[],[],,[],"['FileContentAnalysis', 'AuthenticationEventThresholding', 'ResourceAccessPatternAnalysis', 'EmulatedFileAnalysis', 'FileHashing', 'FileIntegrityMonitoring', 'DynamicAnalysis']",,[],['FileEviction'],['RestoreFile'],[]
T1189,{'initial-access'},,0.0,0.8333333333333334,1.0,,,,0.7333333333333333,0.6666666666666667,,"['ProcessSegmentExecutionPrevention', 'SegmentAddressOffsetRandomization']","['PerHostDownload-UploadRatioAnalysis', 'HomoglyphDetection']",[],,,,,[],"['NetworkTrafficSignatureAnalysis', 'RelayPatternAnalysis', 'IdentifierReputationAnalysis', 'NetworkTrafficCommunityDeviation', 'UserGeolocationLogonPatternAnalysis', 'URLAnalysis', 'Client-serverPayloadProfiling', 'RemoteTerminalSessionDetection', 'IdentifierActivityAnalysis', 'ProtocolMetadataAnomalyDetection']",['NetworkTrafficFiltering'],,,,['Process Segment']
T1190,{'initial-access'},,0.0,0.8888888888888888,1.0,,,,0.75,0.6666666666666667,,"['ProcessSegmentExecutionPrevention', 'SegmentAddressOffsetRandomization']",['PerHostDownload-UploadRatioAnalysis'],[],,,,,[],"['NetworkTrafficSignatureAnalysis', 'InboundSessionVolumeAnalysis', 'NetworkTrafficCommunityDeviation', 'UserGeolocationLogonPatternAnalysis', 'Client-serverPayloadProfiling', 'DatabaseQueryStringAnalysis', 'RemoteTerminalSessionDetection', 'ProtocolMetadataAnomalyDetection']",['NetworkTrafficFiltering'],,,,['Process Segment']
T1195,{'initial-access'},1.0,1.0,,,,,1.0,1.0,1.0,[],[],,,,,[],"['SoftwareInventory', 'AssetVulnerabilityEnumeration', 'HardwareComponentInventory']",['SoftwareUpdate'],,,,,['RestoreSoftware'],[]
T1197,"{'defense-evasion', 'persistence'}",,,0.8,1.0,,,,0.8181818181818182,1.0,,,"['IPCTrafficAnalysis', 'PerHostDownload-UploadRatioAnalysis']",[],,,,,,"['ConnectionAttemptAnalysis', 'NetworkTrafficSignatureAnalysis', 'RelayPatternAnalysis', 'NetworkTrafficCommunityDeviation', 'UserGeolocationLogonPatternAnalysis', 'Client-serverPayloadProfiling', 'RemoteTerminalSessionDetection', 'ProtocolMetadataAnomalyDetection']",['NetworkTrafficFiltering'],,,,[]
T1199,{'initial-access'},,,0.875,1.0,,1.0,,0.9,1.0,,,['PerHostDownload-UploadRatioAnalysis'],[],,[],,,,"['ConnectionAttemptAnalysis', 'NetworkTrafficSignatureAnalysis', 'NetworkTrafficCommunityDeviation', 'ProtocolMetadataAnomalyDetection', 'Client-serverPayloadProfiling', 'RemoteTerminalSessionDetection', 'UserGeolocationLogonPatternAnalysis']",['NetworkTrafficFiltering'],,['SessionTermination'],,[]
T1200,{'initial-access'},1.0,,,,,,,1.0,1.0,[],,,,,,,['HardwareComponentInventory'],,,,,,,[]
T1201,{'discovery'},,,,,,,,,,,,,,,,,,,,,,,,
T1202,{'defense-evasion'},,,,,,,,,,,,,,,,,,,,,,,,
T1203,{'execution'},,0.0,1.0,,,,,0.5,1.0,,"['ProcessSegmentExecutionPrevention', 'StackFrameCanaryValidation', 'SegmentAddressOffsetRandomization']",[],,,,,,[],"['ShadowStackComparisons', 'OperatingSystemMonitoring', 'ProcessCodeSegmentVerification']",,,,,[]
T1204,{'execution'},,0.0,0.8823529411764706,1.0,0.0,1.0,1.0,0.8,1.0,,"['FileEncryption', 'LocalFilePermissions']","['PerHostDownload-UploadRatioAnalysis', 'HomoglyphDetection']",[],['DecoyFile'],[],[],,[],"['NetworkTrafficSignatureAnalysis', 'RelayPatternAnalysis', 'IdentifierReputationAnalysis', 'NetworkTrafficCommunityDeviation', 'FileContentAnalysis', 'UserGeolocationLogonPatternAnalysis', 'EmulatedFileAnalysis', 'FileHashing', 'Client-serverPayloadProfiling', 'FileIntegrityMonitoring', 'RemoteTerminalSessionDetection', 'URLAnalysis', 'ProtocolMetadataAnomalyDetection', 'IdentifierActivityAnalysis', 'DynamicAnalysis']","['ExecutableDenylisting', 'NetworkTrafficFiltering', 'ExecutableAllowlisting']",[],['FileEviction'],['RestoreFile'],[]
T1205,"{'defense-evasion', 'persistence', 'command-and-control'}",,,0.8571428571428571,1.0,,,,0.875,1.0,,,['PerHostDownload-UploadRatioAnalysis'],[],,,,,,"['NetworkTrafficSignatureAnalysis', 'NetworkTrafficCommunityDeviation', 'UserGeolocationLogonPatternAnalysis', 'Client-serverPayloadProfiling', 'RemoteTerminalSessionDetection', 'ProtocolMetadataAnomalyDetection']",['NetworkTrafficFiltering'],,,,[]
T1207,{'defense-evasion'},1.0,1.0,0.8888888888888888,1.0,,,1.0,0.9230769230769231,1.0,[],[],['PerHostDownload-UploadRatioAnalysis'],[],,,[],['DataInventory'],['SystemConfigurationPermissions'],"['ConnectionAttemptAnalysis', 'NetworkTrafficSignatureAnalysis', 'NetworkTrafficCommunityDeviation', 'UserGeolocationLogonPatternAnalysis', 'Client-serverPayloadProfiling', 'AdministrativeNetworkActivityAnalysis', 'RemoteTerminalSessionDetection', 'ProtocolMetadataAnomalyDetection']",['NetworkTrafficFiltering'],,,['RestoreDatabase'],[]
T1210,{'lateral-movement'},,0.0,0.9090909090909091,1.0,,,,0.7333333333333333,0.75,,"['ProcessSegmentExecutionPrevention', 'StackFrameCanaryValidation', 'SegmentAddressOffsetRandomization']",['PerHostDownload-UploadRatioAnalysis'],[],,,,,[],"['ConnectionAttemptAnalysis', 'NetworkTrafficSignatureAnalysis', 'OperatingSystemMonitoring', 'NetworkTrafficCommunityDeviation', 'ShadowStackComparisons', 'ProcessCodeSegmentVerification', 'UserGeolocationLogonPatternAnalysis', 'Client-serverPayloadProfiling', 'RemoteTerminalSessionDetection', 'ProtocolMetadataAnomalyDetection']",['NetworkTrafficFiltering'],,,,['Process Segment']
T1211,{'defense-evasion'},,0.0,1.0,,,,,0.5,1.0,,"['StackFrameCanaryValidation', 'ProcessSegmentExecutionPrevention', 'SegmentAddressOffsetRandomization']",[],,,,,,[],"['ShadowStackComparisons', 'OperatingSystemMonitoring', 'ProcessCodeSegmentVerification']",,,,,[]
T1212,{'credential-access'},1.0,0.25,0.6666666666666666,0.0,,1.0,1.0,0.6111111111111112,1.0,[],"['ProcessSegmentExecutionPrevention', 'SegmentAddressOffsetRandomization', 'StackFrameCanaryValidation']","['SystemFileAnalysis', 'ProcessSelf-ModificationDetection']","['Kernel-basedProcessIsolation', 'Hardware-basedProcessIsolation']",,[],[],"['SoftwareInventory', 'AssetVulnerabilityEnumeration']",['SoftwareUpdate'],"['OperatingSystemMonitoring', 'ShadowStackComparisons', 'ProcessCodeSegmentVerification', 'ProcessSpawnAnalysis']",[],,"['ProcessSuspension', 'ProcessTermination', 'HostShutdown']",['RestoreSoftware'],[]
T1213,{'collection'},1.0,,,,0.0,,1.0,0.6666666666666666,0.5,[],,,,['DecoyNetworkResource'],,[],['DataInventory'],,,,[],,['RestoreDatabase'],['Web File Resource']
T1216,{'defense-evasion'},,,,,,,,,,,,,,,,,,,,,,,,
T1217,{'discovery'},,,,,,,,,,,,,,,,,,,,,,,,
T1218,{'defense-evasion'},1.0,0.3333333333333333,0.9285714285714286,0.6,0.0,1.0,1.0,0.7714285714285715,0.9,[],"['ProcessSegmentExecutionPrevention', 'SegmentAddressOffsetRandomization', 'FileEncryption', 'LocalFilePermissions']",['PerHostDownload-UploadRatioAnalysis'],"['Kernel-basedProcessIsolation', 'Hardware-basedProcessIsolation']",['DecoyFile'],[],[],"['SoftwareInventory', 'DataInventory', 'AssetVulnerabilityEnumeration', 'ConfigurationInventory']","['SystemConfigurationPermissions', 'SoftwareUpdate']","['NetworkTrafficSignatureAnalysis', 'NetworkTrafficCommunityDeviation', 'SystemCallAnalysis', 'UserGeolocationLogonPatternAnalysis', 'FileContentAnalysis', 'EmulatedFileAnalysis', 'FileHashing', 'Client-serverPayloadProfiling', 'FileIntegrityMonitoring', 'RemoteTerminalSessionDetection', 'ProtocolMetadataAnomalyDetection', 'DynamicAnalysis', 'ProcessSpawnAnalysis']","['ExecutableDenylisting', 'NetworkTrafficFiltering', 'ExecutableAllowlisting']",[],['FileEviction'],"['RestoreFile', 'RestoreSoftware', 'RestoreDatabase', 'RestoreConfiguration']",['Process Segment']
T1219,{'command-and-control'},,,0.875,1.0,,,,0.8888888888888888,1.0,,,['PerHostDownload-UploadRatioAnalysis'],[],,,,,,"['NetworkTrafficSignatureAnalysis', 'RelayPatternAnalysis', 'NetworkTrafficCommunityDeviation', 'UserGeolocationLogonPatternAnalysis', 'Client-serverPayloadProfiling', 'RemoteTerminalSessionDetection', 'ProtocolMetadataAnomalyDetection']",['NetworkTrafficFiltering'],,,,[]
T1220,{'defense-evasion'},,0.0,1.0,0.5,0.0,1.0,1.0,0.6875,1.0,,"['FileEncryption', 'LocalFilePermissions']",[],"['Kernel-basedProcessIsolation', 'Hardware-basedProcessIsolation']",['DecoyFile'],[],[],,[],"['SystemCallAnalysis', 'FileContentAnalysis', 'EmulatedFileAnalysis', 'FileHashing', 'FileIntegrityMonitoring', 'DynamicAnalysis', 'ProcessSpawnAnalysis']","['ExecutableDenylisting', 'ExecutableAllowlisting']",[],['FileEviction'],['RestoreFile'],[]
T1221,{'defense-evasion'},,,,,,,,,,,,,,,,,,,,,,,,
T1222,{'defense-evasion'},1.0,,,,,,1.0,1.0,1.0,[],,,,,,[],"['AccessModeling', 'ConfigurationInventory', 'NetworkTrafficPolicyMapping']",,,,,,['RestoreConfiguration'],[]
T1480,{'defense-evasion'},,,,,,,,,,,,,,,,,,,,,,,,
T1482,{'discovery'},,,,,,,,,,,,,,,,,,,,,,,,
T1484,"{'defense-evasion', 'privilege-escalation'}",1.0,,,,,,1.0,1.0,1.0,[],,,,,,[],"['AccessModeling', 'ConfigurationInventory', 'NetworkTrafficPolicyMapping']",,,,,,['RestoreConfiguration'],[]
T1485,{'impact'},,,,,,,,,,,,,,,,,,,,,,,,
T1486,{'impact'},,,,,,,,,,,,,,,,,,,,,,,,
T1489,{'impact'},,,,,,,,,,,,,,,,,,,,,,,,
T1490,{'impact'},,,,,,,,,,,,,,,,,,,,,,,,
T1491,{'impact'},,,,,0.0,,,0.0,0.0,,,,,['DecoyNetworkResource'],,,,,,,[],,,['Network Resource']
T1495,{'impact'},,,,,,,,,,,,,,,,,,,,,,,,
T1496,{'impact'},,,,,,,,,,,,,,,,,,,,,,,,
T1497,"{'defense-evasion', 'discovery'}",1.0,1.0,1.0,0.0,,,1.0,0.8333333333333334,1.0,[],[],[],['Kernel-basedProcessIsolation'],,,[],"['SoftwareInventory', 'AssetVulnerabilityEnumeration']",['SoftwareUpdate'],['SystemCallAnalysis'],[],,,['RestoreSoftware'],[]
T1498,{'impact'},,,0.875,1.0,,,,0.8888888888888888,1.0,,,['PerHostDownload-UploadRatioAnalysis'],[],,,,,,"['NetworkTrafficSignatureAnalysis', 'InboundSessionVolumeAnalysis', 'NetworkTrafficCommunityDeviation', 'UserGeolocationLogonPatternAnalysis', 'Client-serverPayloadProfiling', 'RemoteTerminalSessionDetection', 'ProtocolMetadataAnomalyDetection']",['NetworkTrafficFiltering'],,,,[]
T1499,{'impact'},,,,,,,,,,,,,,,,,,,,,,,,
T1505,{'persistence'},0.6,0.3333333333333333,0.8888888888888888,0.5,0.0,1.0,1.0,0.7241379310344828,1.0,"['PhysicalLinkMapping', 'LogicalLinkMapping']","['FileEncryption', 'LocalFilePermissions']",['ProcessSelf-ModificationDetection'],"['Kernel-basedProcessIsolation', 'Hardware-basedProcessIsolation']",['DecoyFile'],[],[],"['SoftwareInventory', 'AssetVulnerabilityEnumeration', 'NetworkNodeInventory']",['SoftwareUpdate'],"['OperatingSystemMonitoring', 'SystemCallAnalysis', 'FileContentAnalysis', 'ProcessSpawnAnalysis', 'EmulatedFileAnalysis', 'FileHashing', 'FileIntegrityMonitoring', 'DynamicAnalysis']","['ExecutableDenylisting', 'ExecutableAllowlisting']",[],"['ProcessSuspension', 'ProcessTermination', 'FileEviction', 'HostShutdown']","['RestoreFile', 'RestoreNetworkAccess', 'RestoreSoftware']",[]
T1518,{'discovery'},1.0,,1.0,0.0,,,1.0,0.75,1.0,[],,[],['Kernel-basedProcessIsolation'],,,[],['ConfigurationInventory'],,['SystemCallAnalysis'],[],,,['RestoreConfiguration'],[]
T1525,{'persistence'},1.0,0.0,1.0,,0.0,1.0,1.0,0.7272727272727273,1.0,[],"['FileEncryption', 'LocalFilePermissions']",[],,['DecoyFile'],[],[],['AssetVulnerabilityEnumeration'],[],"['FileContentAnalysis', 'EmulatedFileAnalysis', 'FileHashing', 'FileIntegrityMonitoring', 'DynamicAnalysis']",,[],['FileEviction'],['RestoreFile'],[]
T1526,{'discovery'},1.0,,,,,,1.0,1.0,1.0,[],,,,,,[],['ConfigurationInventory'],,,,,,['RestoreConfiguration'],[]
T1528,{'credential-access'},,1.0,1.0,,0.0,1.0,1.0,0.75,1.0,,[],[],,"['DecoySessionToken', 'DecoyUserCredential']",[],[],,"['CredentialTransmissionScoping', 'CredentialRotation']",['CredentialCompromiseScopeAnalysis'],,[],"['AuthenticationCacheInvalidation', 'CredentialRevocation']",['ReissueCredential'],[]
T1529,{'impact'},,,,,,,,,,,,,,,,,,,,,,,,
T1530,{'collection'},,,,,,,,,,,,,,,,,,,,,,,,
T1531,{'impact'},1.0,0.4,,,,1.0,1.0,0.625,1.0,[],"['Multi-factorAuthentication', 'One-timePassword', 'BiometricAuthentication']",,,,[],[],['AccessModeling'],"['UserAccountPermissions', 'StrongPasswordPolicy']",,,,['AccountLocking'],['RestoreUserAccountAccess'],[]
T1534,{'lateral-movement'},1.0,0.0,0.875,0.0,0.0,1.0,1.0,0.6666666666666666,1.0,[],"['FileEncryption', 'LocalFilePermissions']",['HomoglyphDetection'],['InboundTrafficFiltering'],['DecoyFile'],[],[],['DataInventory'],[],"['FileContentAnalysis', 'EmulatedFileAnalysis', 'FileHashing', 'FileIntegrityMonitoring', 'SenderMTAReputationAnalysis', 'SenderReputationAnalysis', 'DynamicAnalysis']",[],[],['FileEviction'],['RestoreFile'],[]
T1535,{'defense-evasion'},,,,,,,,,,,,,,,,,,,,,,,,
T1537,{'exfiltration'},,,,,,,,,,,,,,,,,,,,,,,,
T1538,{'discovery'},1.0,,,,,,1.0,1.0,1.0,[],,,,,,[],['ConfigurationInventory'],,,,,,['RestoreConfiguration'],[]
T1539,{'credential-access'},,1.0,1.0,,0.0,1.0,1.0,0.8571428571428571,1.0,,[],[],,['DecoyUserCredential'],[],[],,"['CredentialTransmissionScoping', 'CredentialRotation']",['CredentialCompromiseScopeAnalysis'],,[],"['AuthenticationCacheInvalidation', 'CredentialRevocation']",['ReissueCredential'],[]
T1542,"{'defense-evasion', 'persistence'}",1.0,0.5,0.9,1.0,,,1.0,0.875,1.0,[],['BootloaderAuthentication'],['PerHostDownload-UploadRatioAnalysis'],[],,,[],"['SoftwareInventory', 'AssetVulnerabilityEnumeration']",['SoftwareUpdate'],"['NetworkTrafficSignatureAnalysis', 'NetworkTrafficCommunityDeviation', 'FirmwareVerification', 'ProtocolMetadataAnomalyDetection', 'Client-serverPayloadProfiling', 'FirmwareEmbeddedMonitoringCode', 'RemoteTerminalSessionDetection', 'UserGeolocationLogonPatternAnalysis', 'FirmwareBehaviorAnalysis']",['NetworkTrafficFiltering'],,,['RestoreSoftware'],[]
T1543,"{'persistence', 'privilege-escalation'}",1.0,0.3333333333333333,1.0,,0.0,1.0,1.0,0.7857142857142857,1.0,[],"['FileEncryption', 'LocalFilePermissions']",[],,['DecoyFile'],[],[],['DataInventory'],['SystemConfigurationPermissions'],"['OperatingSystemMonitoring', 'FileContentAnalysis', 'EmulatedFileAnalysis', 'FileHashing', 'FileIntegrityMonitoring', 'DynamicAnalysis']",,[],['FileEviction'],"['RestoreFile', 'RestoreDatabase']",[]
T1546,"{'persistence', 'privilege-escalation'}",1.0,0.5,0.8888888888888888,0.6,0.0,1.0,1.0,0.825,1.0,[],"['FileEncryption', 'LocalFilePermissions']","['PerHostDownload-UploadRatioAnalysis', 'ProcessSelf-ModificationDetection']","['Kernel-basedProcessIsolation', 'Hardware-basedProcessIsolation']",['DecoyFile'],[],[],"['SoftwareInventory', 'DataInventory', 'ConfigurationInventory', 'AssetVulnerabilityEnumeration']","['SystemConfigurationPermissions', 'SoftwareUpdate']","['ConnectionAttemptAnalysis', 'NetworkTrafficSignatureAnalysis', 'OperatingSystemMonitoring', 'NetworkTrafficCommunityDeviation', 'SystemCallAnalysis', 'UserGeolocationLogonPatternAnalysis', 'ProcessSpawnAnalysis', 'FileContentAnalysis', 'EmulatedFileAnalysis', 'FileHashing', 'Client-serverPayloadProfiling', 'FileIntegrityMonitoring', 'AdministrativeNetworkActivityAnalysis', 'RemoteTerminalSessionDetection', 'ProtocolMetadataAnomalyDetection', 'DynamicAnalysis']","['ExecutableDenylisting', 'NetworkTrafficFiltering', 'ExecutableAllowlisting']",[],"['ProcessSuspension', 'ProcessTermination', 'HostShutdown', 'FileEviction']","['RestoreFile', 'RestoreConfiguration', 'RestoreSoftware', 'RestoreDatabase']",[]
T1547,"{'persistence', 'privilege-escalation'}",1.0,0.3333333333333333,1.0,1.0,0.0,1.0,1.0,0.8421052631578947,1.0,[],"['FileEncryption', 'LocalFilePermissions']",[],[],['DecoyFile'],[],[],"['SoftwareInventory', 'ConfigurationInventory', 'AssetVulnerabilityEnumeration']",['SoftwareUpdate'],"['OperatingSystemMonitoring', 'FileContentAnalysis', 'EmulatedFileAnalysis', 'FileHashing', 'FileIntegrityMonitoring', 'DynamicAnalysis']","['ExecutableDenylisting', 'ExecutableAllowlisting']",[],['FileEviction'],"['RestoreFile', 'RestoreConfiguration', 'RestoreSoftware']",[]
T1548,"{'defense-evasion', 'privilege-escalation'}",1.0,0.3333333333333333,1.0,0.5,0.0,1.0,1.0,0.7916666666666666,1.0,[],"['FileEncryption', 'LocalFilePermissions']",[],"['Kernel-basedProcessIsolation', 'Hardware-basedProcessIsolation']",['DecoyFile'],[],[],"['AccessModeling', 'DataInventory', 'ConfigurationInventory', 'NetworkTrafficPolicyMapping']",['SystemConfigurationPermissions'],"['OperatingSystemMonitoring', 'SystemCallAnalysis', 'FileContentAnalysis', 'EmulatedFileAnalysis', 'FileHashing', 'FileIntegrityMonitoring', 'DynamicAnalysis', 'ProcessSpawnAnalysis']","['ExecutableDenylisting', 'ExecutableAllowlisting']",[],['FileEviction'],"['RestoreFile', 'RestoreConfiguration', 'RestoreDatabase']",[]
T1550,"{'lateral-movement', 'defense-evasion'}",,1.0,0.7692307692307693,0.3333333333333333,0.0,1.0,1.0,0.7307692307692307,1.0,,[],"['SessionDurationAnalysis', 'PerHostDownload-UploadRatioAnalysis', 'ProcessSelf-ModificationDetection']","['Kernel-basedProcessIsolation', 'Hardware-basedProcessIsolation']","['DecoySessionToken', 'DecoyUserCredential']",[],[],,"['CredentialTransmissionScoping', 'CredentialRotation']","['NetworkTrafficSignatureAnalysis', 'NetworkTrafficCommunityDeviation', 'AuthenticationEventThresholding', 'ProcessSpawnAnalysis', 'ResourceAccessPatternAnalysis', 'UserGeolocationLogonPatternAnalysis', 'Client-serverPayloadProfiling', 'RemoteTerminalSessionDetection', 'ProtocolMetadataAnomalyDetection', 'CredentialCompromiseScopeAnalysis']",['NetworkTrafficFiltering'],[],"['ProcessSuspension', 'AuthenticationCacheInvalidation', 'HostShutdown', 'ProcessTermination', 'CredentialRevocation']",['ReissueCredential'],[]
T1552,{'credential-access'},1.0,0.6,1.0,,0.0,1.0,1.0,0.8333333333333334,1.0,[],"['FileEncryption', 'LocalFilePermissions']",[],,"['DecoyUserCredential', 'DecoyFile']",[],[],"['AccessModeling', 'DataInventory', 'ConfigurationInventory', 'NetworkTrafficPolicyMapping']","['CredentialTransmissionScoping', 'CredentialRotation', 'SystemConfigurationPermissions']","['FileContentAnalysis', 'EmulatedFileAnalysis', 'FileHashing', 'FileIntegrityMonitoring', 'DynamicAnalysis', 'CredentialCompromiseScopeAnalysis']",,[],"['AuthenticationCacheInvalidation', 'CredentialRevocation', 'FileEviction']","['RestoreFile', 'RestoreDatabase', 'RestoreConfiguration', 'ReissueCredential']",[]
T1553,{'defense-evasion'},1.0,,,,,,1.0,1.0,1.0,[],,,,,,[],['ConfigurationInventory'],,,,,,['RestoreConfiguration'],[]
T1554,{'persistence'},1.0,1.0,,,,,1.0,1.0,1.0,[],[],,,,,[],"['SoftwareInventory', 'AssetVulnerabilityEnumeration']",['SoftwareUpdate'],,,,,['RestoreSoftware'],[]
T1555,{'credential-access'},1.0,0.0,1.0,0.0,0.0,1.0,1.0,0.7142857142857143,1.0,[],"['FileEncryption', 'LocalFilePermissions']",[],['Kernel-basedProcessIsolation'],['DecoyFile'],[],[],['DataInventory'],[],"['SystemCallAnalysis', 'FileContentAnalysis', 'EmulatedFileAnalysis', 'FileHashing', 'FileIntegrityMonitoring', 'DynamicAnalysis']",[],[],['FileEviction'],"['RestoreFile', 'RestoreDatabase']",[]
T1556,"{'defense-evasion', 'persistence', 'credential-access'}",1.0,0.0,0.875,0.0,0.0,1.0,1.0,0.7,1.0,[],"['FileEncryption', 'LocalFilePermissions']",['ProcessSelf-ModificationDetection'],"['Kernel-basedProcessIsolation', 'Hardware-basedProcessIsolation']",['DecoyFile'],[],[],['ConfigurationInventory'],[],"['OperatingSystemMonitoring', 'FileContentAnalysis', 'ProcessSpawnAnalysis', 'EmulatedFileAnalysis', 'FileHashing', 'FileIntegrityMonitoring', 'DynamicAnalysis']",[],[],"['ProcessSuspension', 'ProcessTermination', 'FileEviction', 'HostShutdown']","['RestoreFile', 'RestoreConfiguration']",[]
T1557,"{'collection', 'credential-access'}",,,0.875,1.0,,,,0.8888888888888888,1.0,,,['PerHostDownload-UploadRatioAnalysis'],[],,,,,,"['ConnectionAttemptAnalysis', 'NetworkTrafficSignatureAnalysis', 'NetworkTrafficCommunityDeviation', 'UserGeolocationLogonPatternAnalysis', 'Client-serverPayloadProfiling', 'RemoteTerminalSessionDetection', 'ProtocolMetadataAnomalyDetection']",['NetworkTrafficFiltering'],,,,[]
T1558,{'credential-access'},,1.0,0.8888888888888888,1.0,0.0,1.0,1.0,0.8235294117647058,1.0,,[],['PerHostDownload-UploadRatioAnalysis'],[],"['DecoySessionToken', 'DecoyUserCredential']",[],[],,"['CredentialTransmissionScoping', 'CredentialRotation']","['RPCTrafficAnalysis', 'NetworkTrafficSignatureAnalysis', 'NetworkTrafficCommunityDeviation', 'UserGeolocationLogonPatternAnalysis', 'Client-serverPayloadProfiling', 'RemoteTerminalSessionDetection', 'ProtocolMetadataAnomalyDetection', 'CredentialCompromiseScopeAnalysis']",['NetworkTrafficFiltering'],[],"['AuthenticationCacheInvalidation', 'CredentialRevocation']",['ReissueCredential'],[]
T1559,{'execution'},,,,,,,,,,,,,,,,,,,,,,,,
T1560,{'collection'},,0.0,1.0,,0.0,1.0,1.0,0.7,1.0,,"['FileEncryption', 'LocalFilePermissions']",[],,['DecoyFile'],[],[],,[],"['FileContentAnalysis', 'EmulatedFileAnalysis', 'FileHashing', 'FileIntegrityMonitoring', 'DynamicAnalysis']",,[],['FileEviction'],['RestoreFile'],[]
T1561,{'impact'},,,,,,0.0,,0.0,0.0,,,,,,['DiskFormatting'],,,,,,,[],,['Partition Table']
T1562,{'defense-evasion'},1.0,0.3333333333333333,0.875,0.5,0.0,0.8,1.0,0.72,1.0,[],"['FileEncryption', 'LocalFilePermissions']",['ProcessSelf-ModificationDetection'],"['Kernel-basedProcessIsolation', 'Hardware-basedProcessIsolation']",['DecoyFile'],['RegistryKeyDeletion'],[],"['SystemVulnerabilityAssessment', 'ConfigurationInventory']",['ApplicationConfigurationHardening'],"['OperatingSystemMonitoring', 'FileContentAnalysis', 'EmulatedFileAnalysis', 'FileHashing', 'FileIntegrityMonitoring', 'DynamicAnalysis', 'ProcessSpawnAnalysis']","['ExecutableDenylisting', 'ExecutableAllowlisting']",[],"['ProcessSuspension', 'HostShutdown', 'ProcessTermination', 'FileEviction']","['RestoreFile', 'RestoreConfiguration']",[]
T1563,{'lateral-movement'},,,0.8571428571428571,1.0,,1.0,,0.8888888888888888,1.0,,,['PerHostDownload-UploadRatioAnalysis'],[],,[],,,,"['NetworkTrafficSignatureAnalysis', 'NetworkTrafficCommunityDeviation', 'UserGeolocationLogonPatternAnalysis', 'Client-serverPayloadProfiling', 'RemoteTerminalSessionDetection', 'ProtocolMetadataAnomalyDetection']",['NetworkTrafficFiltering'],,['SessionTermination'],,[]
T1564,{'defense-evasion'},1.0,0.5,0.8571428571428571,,0.0,1.0,1.0,0.782608695652174,0.8,[],"['DiskEncryption', 'FileEncryption', 'LocalFilePermissions']",['SystemFileAnalysis'],,['DecoyFile'],[],[],"['SoftwareInventory', 'DataInventory', 'AssetVulnerabilityEnumeration', 'ConfigurationInventory']","['ApplicationConfigurationHardening', 'SystemConfigurationPermissions', 'SoftwareUpdate']","['OperatingSystemMonitoring', 'FileContentAnalysis', 'EmulatedFileAnalysis', 'FileHashing', 'FileIntegrityMonitoring', 'DynamicAnalysis']",,[],['FileEviction'],"['RestoreFile', 'RestoreConfiguration', 'RestoreDatabase', 'RestoreSoftware']","['Directory', 'Storage']"
T1565,{'impact'},,0.0,0.9166666666666666,1.0,0.0,1.0,1.0,0.8,1.0,,"['FileEncryption', 'LocalFilePermissions']",['PerHostDownload-UploadRatioAnalysis'],[],['DecoyFile'],[],[],,[],"['NetworkTrafficSignatureAnalysis', 'NetworkTrafficCommunityDeviation', 'FileContentAnalysis', 'UserGeolocationLogonPatternAnalysis', 'EmulatedFileAnalysis', 'FileHashing', 'Client-serverPayloadProfiling', 'FileIntegrityMonitoring', 'RemoteTerminalSessionDetection', 'ProtocolMetadataAnomalyDetection', 'DynamicAnalysis']","['ExecutableDenylisting', 'NetworkTrafficFiltering', 'ExecutableAllowlisting']",[],['FileEviction'],['RestoreFile'],[]
T1566,{'initial-access'},1.0,0.0,0.8947368421052632,0.5,0.0,1.0,1.0,0.7777777777777778,1.0,[],"['FileEncryption', 'LocalFilePermissions']","['PerHostDownload-UploadRatioAnalysis', 'HomoglyphDetection']",['InboundTrafficFiltering'],['DecoyFile'],[],[],['DataInventory'],[],"['RemoteTerminalSessionDetection', 'URLAnalysis', 'DynamicAnalysis', 'IdentifierReputationAnalysis', 'NetworkTrafficCommunityDeviation', 'FileIntegrityMonitoring', 'IdentifierActivityAnalysis', 'UserGeolocationLogonPatternAnalysis', 'ProtocolMetadataAnomalyDetection', 'SenderMTAReputationAnalysis', 'InboundSessionVolumeAnalysis', 'FileContentAnalysis', 'NetworkTrafficSignatureAnalysis', 'EmulatedFileAnalysis', 'FileHashing', 'Client-serverPayloadProfiling', 'SenderReputationAnalysis']",['NetworkTrafficFiltering'],[],['FileEviction'],['RestoreFile'],[]
T1567,{'exfiltration'},,,0.875,1.0,,,,0.8888888888888888,1.0,,,['PerHostDownload-UploadRatioAnalysis'],[],,,,,,"['NetworkTrafficSignatureAnalysis', 'RelayPatternAnalysis', 'NetworkTrafficCommunityDeviation', 'UserGeolocationLogonPatternAnalysis', 'Client-serverPayloadProfiling', 'RemoteTerminalSessionDetection', 'ProtocolMetadataAnomalyDetection']",['NetworkTrafficFiltering'],,,,[]
T1568,{'command-and-control'},,,0.8888888888888888,1.0,,,,0.9166666666666666,1.0,,,['PerHostDownload-UploadRatioAnalysis'],[],,,,,,"['NetworkTrafficSignatureAnalysis', 'RelayPatternAnalysis', 'NetworkTrafficCommunityDeviation', 'UserGeolocationLogonPatternAnalysis', 'Client-serverPayloadProfiling', 'RemoteTerminalSessionDetection', 'ProtocolMetadataAnomalyDetection', 'DNSTrafficAnalysis']","['DNSDenylisting', 'DNSAllowlisting', 'NetworkTrafficFiltering']",,,,[]
T1569,{'execution'},,,,,,,,,,,,,,,,,,,,,,,,
T1570,{'lateral-movement'},,,0.7777777777777778,1.0,,,,0.8,1.0,,,"['FileCarving', 'PerHostDownload-UploadRatioAnalysis']",[],,,,,,"['ConnectionAttemptAnalysis', 'NetworkTrafficSignatureAnalysis', 'NetworkTrafficCommunityDeviation', 'UserGeolocationLogonPatternAnalysis', 'Client-serverPayloadProfiling', 'RemoteTerminalSessionDetection', 'ProtocolMetadataAnomalyDetection']",['NetworkTrafficFiltering'],,,,[]
T1571,{'command-and-control'},,,0.875,1.0,,,,0.8888888888888888,1.0,,,['PerHostDownload-UploadRatioAnalysis'],[],,,,,,"['NetworkTrafficSignatureAnalysis', 'RelayPatternAnalysis', 'NetworkTrafficCommunityDeviation', 'UserGeolocationLogonPatternAnalysis', 'Client-serverPayloadProfiling', 'RemoteTerminalSessionDetection', 'ProtocolMetadataAnomalyDetection']",['NetworkTrafficFiltering'],,,,[]
T1572,{'command-and-control'},,,0.875,1.0,,,,0.8888888888888888,1.0,,,['PerHostDownload-UploadRatioAnalysis'],[],,,,,,"['NetworkTrafficSignatureAnalysis', 'RelayPatternAnalysis', 'NetworkTrafficCommunityDeviation', 'UserGeolocationLogonPatternAnalysis', 'Client-serverPayloadProfiling', 'RemoteTerminalSessionDetection', 'ProtocolMetadataAnomalyDetection']",['NetworkTrafficFiltering'],,,,[]
T1573,{'command-and-control'},,0.0,0.9285714285714286,1.0,0.0,1.0,1.0,0.8,1.0,,"['FileEncryption', 'LocalFilePermissions']",['PerHostDownload-UploadRatioAnalysis'],[],['DecoyFile'],[],[],,[],"['NetworkTrafficSignatureAnalysis', 'RelayPatternAnalysis', 'NetworkTrafficCommunityDeviation', 'FileContentAnalysis', 'UserGeolocationLogonPatternAnalysis', 'CertificateAnalysis', 'EmulatedFileAnalysis', 'FileHashing', 'Client-serverPayloadProfiling', 'FileIntegrityMonitoring', 'RemoteTerminalSessionDetection', 'ProtocolMetadataAnomalyDetection', 'DynamicAnalysis']",['NetworkTrafficFiltering'],[],['FileEviction'],['RestoreFile'],[]
T1574,"{'defense-evasion', 'persistence', 'privilege-escalation'}",1.0,0.3333333333333333,0.8571428571428571,1.0,0.0,1.0,1.0,0.8,1.0,[],"['FileEncryption', 'LocalFilePermissions']",['SystemFileAnalysis'],[],['DecoyFile'],[],[],"['SoftwareInventory', 'ConfigurationInventory', 'AssetVulnerabilityEnumeration']",['SoftwareUpdate'],"['OperatingSystemMonitoring', 'FileContentAnalysis', 'EmulatedFileAnalysis', 'FileHashing', 'FileIntegrityMonitoring', 'DynamicAnalysis']","['ExecutableDenylisting', 'ExecutableAllowlisting']",[],['FileEviction'],"['RestoreFile', 'RestoreConfiguration', 'RestoreSoftware']",[]
T1578,{'defense-evasion'},,,,,,,,,,,,,,,,,,,,,,,,
T1580,{'discovery'},,,,,,,,,,,,,,,,,,,,,,,,
T1583,{'resource-development'},,,,,,,,,,,,,,,,,,,,,,,,
T1584,{'resource-development'},,,,,,,,,,,,,,,,,,,,,,,,
T1585,{'resource-development'},,,,,,,,,,,,,,,,,,,,,,,,
T1586,{'resource-development'},,,,,,,,,,,,,,,,,,,,,,,,
T1587,{'resource-development'},,,,,,,,,,,,,,,,,,,,,,,,
T1588,{'resource-development'},,,,,,,,,,,,,,,,,,,,,,,,
T1589,{'reconnaissance'},,,,,,,,,,,,,,,,,,,,,,,,
T1590,{'reconnaissance'},,,,,,,,,,,,,,,,,,,,,,,,
T1591,{'reconnaissance'},,,,,,,,,,,,,,,,,,,,,,,,
T1592,{'reconnaissance'},,,,,,,,,,,,,,,,,,,,,,,,
T1593,{'reconnaissance'},,,,,,,,,,,,,,,,,,,,,,,,
T1594,{'reconnaissance'},,,,,,,,,,,,,,,,,,,,,,,,
T1595,{'reconnaissance'},,,,,,,,,,,,,,,,,,,,,,,,
T1596,{'reconnaissance'},,,,,,,,,,,,,,,,,,,,,,,,
T1597,{'reconnaissance'},,,,,,,,,,,,,,,,,,,,,,,,
T1598,{'reconnaissance'},,,,,,,,,,,,,,,,,,,,,,,,
T1599,{'defense-evasion'},,,,,,,,,,,,,,,,,,,,,,,,
T1600,{'defense-evasion'},,,,,,,,,,,,,,,,,,,,,,,,
T1601,{'defense-evasion'},,,,,,,,,,,,,,,,,,,,,,,,
T1602,{'collection'},,,,,,,,,,,,,,,,,,,,,,,,
T1606,{'credential-access'},,,,,,,,,,,,,,,,,,,,,,,,
T1608,{'resource-development'},,,,,,,,,,,,,,,,,,,,,,,,
T1609,{'execution'},,,,,,,,,,,,,,,,,,,,,,,,
T1610,"{'defense-evasion', 'execution'}",,,,,,,,,,,,,,,,,,,,,,,,
T1611,{'privilege-escalation'},,,,,,,,,,,,,,,,,,,,,,,,
T1612,{'defense-evasion'},,,,,,,,,,,,,,,,,,,,,,,,
T1613,{'discovery'},,,,,,,,,,,,,,,,,,,,,,,,
T1614,{'discovery'},1.0,1.0,,,,,1.0,1.0,1.0,[],[],,,,,[],"['DataInventory', 'ConfigurationInventory']",['SystemConfigurationPermissions'],,,,,"['RestoreDatabase', 'RestoreConfiguration']",[]
T1615,{'discovery'},1.0,,,,,,1.0,1.0,1.0,[],,,,,,[],"['AccessModeling', 'ConfigurationInventory', 'NetworkTrafficPolicyMapping']",,,,,,['RestoreConfiguration'],[]
T1619,{'discovery'},1.0,0.0,,,,0.0,,0.3333333333333333,1.0,[],['DiskEncryption'],,,,['DiskFormatting'],,['HardwareComponentInventory'],[],,,,[],,[]
T1620,{'defense-evasion'},,0.0,,,,,,0.0,0.0,,"['ProcessSegmentExecutionPrevention', 'SegmentAddressOffsetRandomization']",,,,,,,[],,,,,,['Process Segment']
T1621,{'credential-access'},,,,,,,,,,,,,,,,,,,,,,,,
T1622,"{'defense-evasion', 'discovery'}",,,,,,,,,,,,,,,,,,,,,,,,
T1647,{'defense-evasion'},,,,,,,,,,,,,,,,,,,,,,,,
T1648,{'execution'},,,,,,,,,,,,,,,,,,,,,,,,
T1649,{'credential-access'},,,,,,,,,,,,,,,,,,,,,,,,
T1650,{'resource-development'},,,,,,,,,,,,,,,,,,,,,,,,
T1651,{'execution'},,,,,,,,,,,,,,,,,,,,,,,,
T1652,{'discovery'},,,,,,,,,,,,,,,,,,,,,,,,
T1653,{'persistence'},,,,,,,,,,,,,,,,,,,,,,,,
T1654,{'discovery'},,,,,,,,,,,,,,,,,,,,,,,,
T1656,{'defense-evasion'},,,,,,,,,,,,,,,,,,,,,,,,
T1657,{'impact'},,,,,,,,,,,,,,,,,,,,,,,,
T1659,"{'initial-access', 'command-and-control'}",,,,,,,,,,,,,,,,,,,,,,,,
T1665,{'command-and-control'},,,,,,,,,,,,,,,,,,,,,,,,
